mp-miniprogram,n

blockquote,n
figcaption,n

fieldset,n

section,\n
article,n
address,n
mpvoice,n
qqmusic,n
content,n
inherit,n
polygon,n
animate,n
ellipse,n

button,n
source,n
legend,n
strong,n
figure,n
iframe,n
circle,n
script,n

label,\n
aside,n
input,n
audio,n
video,n
table,n
tbody,n
intro,n
style,n
mpcps,n

code,\n
span,n
font,n
head,n
body,n
html,n
time,n
path,n
meta,n
defs,n
rect,n
link,n
text,n

img,n
div,n
o:p,n
pre,n
svg,n

br,\n
hr,\n
ul,\n
li,\n
ol,\n
em,n
h1,n
h2,n
h3,n
h4,n
h5,n
h6,n
tr,n
td,n

p,\n
a,n
s,n
b,n
i,n
u,n
g,n


